merchant_name,categoria
DISNEY PLUS *TRIP 52,Entretenimento
HOTEL TRANSMERICA LTDA,Viagem
APPLE BRASIL PAG,Alimentacao
GLOBO PLAY RECEB,Entretenimento
MERCADO PAGO 135,Fintech
CINEMARK PAG 471,Lazer
HOTEL TIVOLI COM,Viagem
SUBWAY PAG 116,Alimentacao
CINESYSTEM LTDA,Lazer
LOGGI COM 747,Transporte
NETSHOES *TRIP 909,Varejo
AWS BRASIL *TRIP,Servicos
HOTEL TIVOLI LTDA 288,Viagem
99 TAXI SA 331,Transporte
SPOTIFY LTDA 415,Entretenimento
DISNEY PLUS COM,Entretenimento
GITHUB COM,Servicos
FARMACIA SAO PAULO PAG,Saude
MICROSOFT PAG,Servicos
AIRBNB LTDA 214,Viagem
CINEMARK *TRIP,Lazer
CARREFOUR SA 888,Supermercado
FARMACIA SAO PAULO PAG 71,Saude
POSTO IPIRANGA SA 217,Combustivel
CARREFOUR RECEB,Supermercado
DROGASIL PAG,Saude
HOTEL TIVOLI LTDA,Viagem
BURGER KING 418,Alimentacao
BURGER KING SA 456,Alimentacao
GLOBO PLAY PAG,Entretenimento
APPLE BRASIL RECEB 542,Varejo
HOTEL TIVOLI 126,Viagem
AMAZON PRIME SA,Entretenimento
FARMACIA SAO PAULO LTDA,Saude
MICROSOFT COM,Servicos
CARREFOUR COM 124,Supermercado
MAGAZINE LUIZA SA,Varejo
RIACHUELO COM,Varejo
IFOOD COM BR PAG 7,Alimentacao
DISNEY PLUS LTDA 69,Entretenimento
MERCADO PAGO *TRIP,Fintech
DROGARIA RAIA COM 771,Saude
BURGER KING PAG,Alimentacao
CINEMARK COM,Lazer
PADARIA DO SEU ZE,Alimentacao
GITHUB,Servicos
GITHUB PAG,Servicos
BURGER KING COM 285,Alimentacao
MCDONALDS PAG,Alimentacao
RIACHUELO RECEB 566,Transporte
UBER DO BRASIL PAG,Transporte
DROGARIA RAIA RECEB,Saude
DROGASIL,Saude
BURGER KING PAG,Alimentacao
HOTEL TIVOLI LTDA,Viagem
MERCADO PAGO 242,Fintech
HBO MAX SA,Entretenimento
AMAZON BRASIL SA,Varejo
UBER DO BRASIL COM 196,Transporte
HOTEL TIVOLI COM,Viagem
CARREFOUR,Supermercado
AIRBNB,Viagem
SPOTIFY *TRIP,Entretenimento
AMERICANAS SA,Varejo
MAGAZINE LUIZA SA,Varejo
UBER DO BRASIL SA 981,Transporte
DISNEY PLUS COM,Entretenimento
APPLE BRASIL PAG,Varejo
GLOBO PLAY 13,Entretenimento
HBO MAX SA 722,Entretenimento
DROGASIL LTDA,Alimentacao
CABIFY COM,Transporte
PLAYARTE LTDA,Lazer
PLAYARTE RECEB,Lazer
CARREFOUR COM,Supermercado
AMAZON PRIME COM,Entretenimento
UBER DO BRASIL *TRIP,Transporte
HBO MAX 268,Entretenimento
AMAZON BRASIL LTDA 26,Varejo
FARMACIA SAO PAULO SA,Saude
DROGARIA RAIA COM,Saude
SAMSUNG BRASIL LTDA,Varejo
PAGBANCO COM 993,Fintech
GITHUB COM,Servicos
CARREFOUR RECEB,Supermercado
SAMSUNG BRASIL,Varejo
DISNEY PLUS PAG,Entretenimento
HOTEL TRANSMERICA *TRIP,Viagem
BURGER KING,Alimentacao
CABIFY COM,Transporte
GITHUB LTDA,Servicos
CABIFY *TRIP,Transporte
MAGAZINE LUIZA,Varejo
GITHUB RECEB,Servicos
FARMACIA SAO PAULO RECEB 560,Saude
CABIFY SA,Transporte
IFOOD COM BR SA 863,Alimentacao
MCDONALDS PAG 893,Alimentacao
AWS BRASIL *TRIP 152,Saude
HOTEL TIVOLI,Viagem
SPOTIFY 325,Entretenimento
APPLE BRASIL COM,Varejo
SPOTIFY *TRIP 5,Entretenimento
CARREFOUR PAG 728,Supermercado
CINESYSTEM *TRIP,Lazer
POSTO IPIRANGA LTDA,Combustivel
MAGAZINE LUIZA SA,Varejo
NETFLIX RECEB,Alimentacao
CARREFOUR,Supermercado
MCDONALDS SA 629,Alimentacao
PLAYARTE *TRIP,Lazer
FARMACIA SAO PAULO LTDA,Saude
SAMSUNG BRASIL COM,Varejo
MCDONALDS *TRIP,Alimentacao
FARMACIA SAO PAULO RECEB,Saude
DISNEY PLUS PAG,Entretenimento
RIACHUELO RECEB,Varejo
SUBWAY 642,Alimentacao
POSTO IPIRANGA PAG,Combustivel
PLAYARTE SA,Lazer
IFOOD COM BR LTDA,Alimentacao
NETSHOES SA 65,Varejo
DISNEY PLUS COM,Entretenimento
SPOTIFY,Entretenimento
BURGER KING RECEB,Alimentacao
NETFLIX LTDA,Entretenimento
PLAYARTE PAG 133,Lazer
PAGBANCO PAG,Fintech
APPLE BRASIL RECEB,Varejo
LOGGI 918,Transporte
APPLE BRASIL SA,Varejo
MCDONALDS,Fintech
DROGARIA RAIA LTDA,Saude
HOTEL TIVOLI,Viagem
BURGER KING LTDA,Alimentacao
DROGASIL 443,Saude
DISNEY PLUS *TRIP,Entretenimento
MAGAZINE LUIZA LTDA,Varejo
AIRBNB COM,Viagem
DROGASIL RECEB,Saude
PLAYARTE LTDA 26,Lazer
SPOTIFY RECEB,Entretenimento
HOTEL TRANSMERICA PAG,Varejo
CINESYSTEM RECEB,Lazer
CABIFY COM,Transporte
PLAYARTE SA,Lazer
FARMACIA SAO PAULO PAG,Saude
AMAZON PRIME LTDA,Entretenimento
AIRBNB SA,Viagem
MAGAZINE LUIZA LTDA 323,Varejo
CARREFOUR *TRIP 168,Supermercado
DROGARIA RAIA *TRIP,Saude
HOTEL TRANSMERICA COM,Viagem
NETFLIX LTDA,Entretenimento
PADARIA DO SEU ZE LTDA,Alimentacao
SAMSUNG BRASIL PAG,Varejo
AMAZON PRIME PAG,Entretenimento
AWS BRASIL RECEB,Servicos
NETFLIX *TRIP,Entretenimento
DROGARIA RAIA,Saude
MAGAZINE LUIZA,Varejo
CARREFOUR PAG,Supermercado
PLAYARTE SA,Lazer
DROGARIA RAIA 63,Saude
LOGGI PAG,Transporte
FARMACIA SAO PAULO COM,Saude
SPOTIFY LTDA 120,Entretenimento
99 TAXI COM,Transporte
MICROSOFT SA,Servicos
99 TAXI LTDA 625,Transporte
AMAZON BRASIL LTDA 967,Varejo
CINESYSTEM PAG,Lazer
CINESYSTEM *TRIP,Lazer
CINEMARK *TRIP 983,Lazer
HOTEL TIVOLI LTDA,Viagem
PAGBANCO *TRIP,Fintech
AMAZON BRASIL RECEB,Varejo
MICROSOFT COM 817,Servicos
NETSHOES RECEB,Varejo
SUBWAY PAG,Alimentacao
MICROSOFT LTDA,Servicos
NETSHOES LTDA 316,Viagem
HOTEL TRANSMERICA COM,Viagem
DROGASIL PAG 760,Saude
AMERICANAS RECEB,Varejo
HOTEL TRANSMERICA,Viagem
HOTEL TIVOLI *TRIP,Viagem
HOTEL TRANSMERICA COM 849,Viagem
AWS BRASIL COM 845,Servicos
CARREFOUR COM 746,Supermercado
AMAZON BRASIL PAG,Varejo
APPLE BRASIL RECEB 261,Varejo
99 TAXI *TRIP 799,Transporte
AMERICANAS *TRIP,Varejo
HBO MAX LTDA,Entretenimento
HOTEL TIVOLI RECEB,Viagem
NETSHOES *TRIP,Varejo
PAGBANCO COM,Fintech
MAGAZINE LUIZA LTDA 783,Varejo
FARMACIA SAO PAULO *TRIP,Saude
HBO MAX RECEB 820,Entretenimento
AMAZON PRIME,Entretenimento
UBER DO BRASIL *TRIP 70,Transporte
AMAZON BRASIL RECEB 993,Varejo
DROGARIA RAIA PAG 928,Saude
FARMACIA SAO PAULO COM,Saude
HBO MAX PAG,Entretenimento
AWS BRASIL COM,Servicos
HOTEL TRANSMERICA RECEB,Viagem
99 TAXI PAG 933,Transporte
AMAZON BRASIL *TRIP,Varejo
GITHUB RECEB,Servicos
CARREFOUR RECEB,Supermercado
AIRBNB LTDA,Viagem
AWS BRASIL RECEB,Servicos
CABIFY RECEB 934,Transporte
HOTEL TIVOLI SA,Viagem
GOOGLE CLOUD LTDA,Fintech
MERCADO PAGO *TRIP,Fintech
SPOTIFY COM,Entretenimento
MICROSOFT SA 957,Servicos
PAGBANCO COM,Fintech
MERCADO PAGO RECEB,Fintech
SAMSUNG BRASIL *TRIP,Varejo
HBO MAX RECEB,Entretenimento
99 TAXI LTDA,Transporte
GOOGLE CLOUD,Servicos
RIACHUELO SA,Varejo
LOGGI COM 986,Transporte
99 TAXI 371,Transporte
AMERICANAS COM,Varejo
SPOTIFY RECEB,Entretenimento
FARMACIA SAO PAULO PAG 837,Saude
DROGASIL RECEB 189,Saude
CINEMARK COM 470,Lazer
MERCADO PAGO COM,Fintech
POSTO IPIRANGA COM,Combustivel
PAGBANCO LTDA,Fintech
FARMACIA SAO PAULO RECEB,Saude
PAGBANCO LTDA,Fintech
GITHUB COM 684,Servicos
DROGARIA RAIA SA 527,Saude
CINEMARK SA 871,Lazer
SUBWAY LTDA,Alimentacao
APPLE BRASIL RECEB,Varejo
AMAZON PRIME *TRIP,Entretenimento
SUBWAY,Alimentacao
AMAZON PRIME,Entretenimento
POSTO IPIRANGA COM,Combustivel
CINESYSTEM LTDA 332,Alimentacao
SAMSUNG BRASIL *TRIP 511,Varejo
AMERICANAS LTDA,Varejo
MERCADO PAGO *TRIP,Fintech
POSTO IPIRANGA SA,Combustivel
SPOTIFY *TRIP,Entretenimento
FARMACIA SAO PAULO LTDA,Saude
CINESYSTEM PAG,Lazer
MERCADO PAGO *TRIP,Fintech
NETFLIX,Entretenimento
CINESYSTEM SA,Lazer
AMAZON PRIME RECEB,Entretenimento
PAGBANCO COM 369,Fintech
DROGARIA RAIA PAG,Saude
SPOTIFY SA,Varejo
DROGASIL RECEB,Saude
APPLE BRASIL LTDA 710,Varejo
HOTEL TIVOLI SA,Viagem
IFOOD COM BR,Alimentacao
MERCADO PAGO *TRIP,Fintech
LOGGI PAG 118,Transporte
PLAYARTE SA 961,Lazer
NETFLIX SA,Entretenimento
CINESYSTEM COM 3,Lazer
HOTEL TIVOLI LTDA 929,Viagem
GOOGLE CLOUD COM 21,Servicos
SUBWAY SA,Alimentacao
CINEMARK SA 335,Lazer
CARREFOUR PAG,Supermercado
POSTO IPIRANGA LTDA,Combustivel
AMAZON BRASIL *TRIP 237,Varejo
CINEMARK COM,Varejo
CINESYSTEM COM,Lazer
UBER DO BRASIL RECEB 88,Transporte
HOTEL TIVOLI RECEB 489,Viagem
UBER DO BRASIL *TRIP,Transporte
CINEMARK LTDA 397,Lazer
FARMACIA SAO PAULO RECEB,Saude
FARMACIA SAO PAULO PAG,Saude
SAMSUNG BRASIL,Varejo
FARMACIA SAO PAULO 245,Saude
AMAZON PRIME LTDA,Combustivel
GLOBO PLAY *TRIP 259,Entretenimento
99 TAXI LTDA,Transporte
CARREFOUR PAG 433,Supermercado
POSTO IPIRANGA PAG,Combustivel
AWS BRASIL COM,Servicos
BURGER KING SA 125,Alimentacao
APPLE BRASIL SA,Varejo
APPLE BRASIL PAG,Saude
GOOGLE CLOUD SA,Servicos
DROGARIA RAIA RECEB,Saude
MERCADO PAGO PAG,Fintech
UBER DO BRASIL SA,Transporte
PAGBANCO LTDA,Fintech
IFOOD COM BR LTDA,Alimentacao
LOGGI PAG,Transporte
SPOTIFY LTDA 340,Entretenimento
SPOTIFY SA,Entretenimento
GLOBO PLAY LTDA,Entretenimento
MCDONALDS RECEB,Alimentacao
GOOGLE CLOUD *TRIP,Servicos
99 TAXI SA,Transporte
SUBWAY RECEB 252,Alimentacao
MCDONALDS PAG,Alimentacao
DROGARIA RAIA PAG 811,Fintech
SPOTIFY COM,Entretenimento
99 TAXI *TRIP 647,Transporte
NETFLIX RECEB 595,Combustivel
LOGGI SA,Transporte
MERCADO PAGO 327,Varejo
PADARIA DO SEU ZE PAG,Alimentacao
99 TAXI COM 654,Transporte
PAGBANCO SA,Fintech
PLAYARTE,Lazer
SPOTIFY RECEB,Entretenimento
AMERICANAS *TRIP,Varejo
POSTO IPIRANGA *TRIP,Combustivel
PAGBANCO COM,Fintech
HOTEL TIVOLI SA 814,Viagem
MERCADO PAGO RECEB,Fintech
CABIFY RECEB,Transporte
CABIFY RECEB,Transporte
GITHUB RECEB,Servicos
MCDONALDS COM,Alimentacao
PAGBANCO,Fintech
GITHUB LTDA,Servicos
LOGGI LTDA,Transporte
PADARIA DO SEU ZE,Alimentacao
AWS BRASIL RECEB,Servicos
GLOBO PLAY LTDA,Entretenimento
NETSHOES LTDA 479,Varejo
PAGBANCO SA 630,Fintech
AMAZON PRIME LTDA 545,Entretenimento
FARMACIA SAO PAULO *TRIP,Saude
LOGGI COM 767,Transporte
POSTO IPIRANGA,Combustivel
MERCADO PAGO,Fintech
FARMACIA SAO PAULO,Saude
PADARIA DO SEU ZE COM 136,Alimentacao
POSTO IPIRANGA RECEB 940,Combustivel
DROGARIA RAIA 989,Saude
CABIFY RECEB,Transporte
APPLE BRASIL *TRIP,Varejo
AMAZON BRASIL COM,Varejo
NETFLIX,Entretenimento
HBO MAX RECEB,Entretenimento
CINESYSTEM SA,Lazer
HOTEL TRANSMERICA LTDA,Viagem
HOTEL TRANSMERICA RECEB,Viagem
FARMACIA SAO PAULO *TRIP,Saude
LOGGI SA 809,Transporte
CARREFOUR COM,Supermercado
HOTEL TRANSMERICA PAG 483,Viagem
CARREFOUR SA,Supermercado
APPLE BRASIL COM,Varejo
HOTEL TRANSMERICA SA,Viagem
CARREFOUR RECEB,Supermercado
GLOBO PLAY LTDA 174,Fintech
MAGAZINE LUIZA SA,Varejo
CARREFOUR LTDA,Supermercado
AMERICANAS,Viagem
UBER DO BRASIL PAG 616,Transporte
APPLE BRASIL RECEB,Varejo
DROGASIL RECEB,Saude
DISNEY PLUS COM 571,Entretenimento
CINESYSTEM LTDA,Lazer
MCDONALDS SA,Alimentacao
PAGBANCO SA,Fintech
CABIFY LTDA,Transporte
MCDONALDS PAG,Alimentacao
PADARIA DO SEU ZE SA 599,Alimentacao
BURGER KING,Alimentacao
CARREFOUR RECEB 43,Supermercado
IFOOD COM BR SA 195,Viagem
BURGER KING PAG 230,Alimentacao
NETFLIX SA 675,Entretenimento
MAGAZINE LUIZA RECEB 723,Varejo
CABIFY SA,Transporte
PLAYARTE *TRIP,Lazer
PAGBANCO LTDA,Fintech
AMAZON BRASIL,Varejo
GITHUB *TRIP 902,Servicos
AMAZON BRASIL RECEB,Varejo
MERCADO PAGO PAG,Fintech
MICROSOFT SA 829,Servicos
NETFLIX SA,Entretenimento
CARREFOUR COM,Supermercado
BURGER KING COM,Alimentacao
CARREFOUR LTDA 560,Supermercado
DROGARIA RAIA 784,Lazer
DROGASIL LTDA 297,Saude
APPLE BRASIL PAG,Varejo
FARMACIA SAO PAULO SA,Supermercado
POSTO IPIRANGA RECEB,Combustivel
MERCADO PAGO COM,Fintech
HBO MAX COM 575,Entretenimento
NETFLIX LTDA,Viagem
HOTEL TRANSMERICA SA,Viagem
LOGGI RECEB 968,Transporte
DROGARIA RAIA *TRIP,Saude
UBER DO BRASIL COM,Transporte
DROGASIL SA 214,Saude
GLOBO PLAY SA 913,Entretenimento
FARMACIA SAO PAULO SA 817,Saude
AWS BRASIL COM,Servicos
GOOGLE CLOUD RECEB 975,Servicos
GITHUB LTDA,Servicos
PAGBANCO,Fintech
CABIFY *TRIP,Transporte
MCDONALDS RECEB,Alimentacao
PLAYARTE,Varejo
CINEMARK *TRIP,Fintech
AWS BRASIL COM,Servicos
PLAYARTE LTDA,Lazer
GLOBO PLAY PAG,Entretenimento
MICROSOFT *TRIP,Servicos
POSTO IPIRANGA,Combustivel
CINESYSTEM *TRIP 755,Lazer
DROGARIA RAIA LTDA,Saude
99 TAXI *TRIP,Transporte
IFOOD COM BR SA 627,Alimentacao
IFOOD COM BR,Alimentacao
CINESYSTEM RECEB,Lazer
CABIFY COM 591,Transporte
AWS BRASIL SA,Servicos
MERCADO PAGO RECEB 426,Fintech
PADARIA DO SEU ZE,Alimentacao
99 TAXI LTDA,Transporte
GITHUB LTDA 976,Servicos
AWS BRASIL LTDA,Servicos
AMAZON BRASIL RECEB 233,Varejo
AIRBNB COM,Viagem
GITHUB LTDA,Servicos
SUBWAY SA,Alimentacao
PADARIA DO SEU ZE RECEB,Alimentacao
CINESYSTEM LTDA,Lazer
AWS BRASIL LTDA,Servicos
GITHUB RECEB 148,Servicos
POSTO IPIRANGA LTDA,Combustivel
AWS BRASIL *TRIP,Servicos
99 TAXI PAG,Transporte
AMAZON PRIME *TRIP,Entretenimento
HOTEL TIVOLI,Viagem
FARMACIA SAO PAULO 92,Saude
RIACHUELO SA,Varejo
MICROSOFT PAG,Servicos
MERCADO PAGO 203,Fintech
MERCADO PAGO PAG,Fintech
CINEMARK COM 23,Lazer
MAGAZINE LUIZA COM,Varejo
PLAYARTE LTDA,Transporte
LOGGI COM 393,Transporte
CINEMARK RECEB,Lazer
POSTO IPIRANGA RECEB 693,Combustivel
DISNEY PLUS COM,Entretenimento
PAGBANCO,Fintech
DISNEY PLUS COM,Entretenimento
MCDONALDS SA 705,Alimentacao
SUBWAY SA,Alimentacao
RIACHUELO *TRIP 321,Varejo
99 TAXI *TRIP 112,Transporte
MICROSOFT PAG,Servicos
MCDONALDS RECEB,Alimentacao
SUBWAY COM 52,Alimentacao
SPOTIFY LTDA,Entretenimento
HBO MAX SA,Entretenimento
SPOTIFY,Entretenimento
PAGBANCO LTDA,Fintech
UBER DO BRASIL SA 575,Transporte
GLOBO PLAY SA 418,Entretenimento
CABIFY COM,Transporte
MICROSOFT COM,Servicos
MCDONALDS LTDA,Alimentacao
BURGER KING SA 450,Alimentacao
NETSHOES 488,Varejo
CARREFOUR SA,Supermercado
HOTEL TIVOLI SA 619,Lazer
SAMSUNG BRASIL COM,Varejo
CARREFOUR SA 682,Supermercado
NETFLIX COM 279,Entretenimento
SPOTIFY RECEB,Entretenimento
GLOBO PLAY COM,Entretenimento
GOOGLE CLOUD RECEB,Servicos
IFOOD COM BR,Alimentacao
CARREFOUR RECEB,Supermercado
MERCADO PAGO RECEB 451,Fintech
MICROSOFT RECEB,Servicos
DISNEY PLUS,Entretenimento
DISNEY PLUS SA 59,Entretenimento
AMAZON BRASIL COM,Varejo
CINESYSTEM,Lazer
BURGER KING RECEB,Alimentacao
PAGBANCO COM 42,Fintech
MICROSOFT RECEB 703,Servicos
AMERICANAS SA,Varejo
MERCADO PAGO 814,Fintech
UBER DO BRASIL,Transporte
GLOBO PLAY SA,Entretenimento
HBO MAX PAG,Entretenimento
POSTO IPIRANGA *TRIP,Combustivel
FARMACIA SAO PAULO LTDA 662,Saude
GOOGLE CLOUD,Servicos
BURGER KING LTDA 993,Alimentacao
AWS BRASIL RECEB 596,Servicos
HOTEL TIVOLI LTDA,Viagem
BURGER KING SA,Alimentacao
IFOOD COM BR LTDA,Alimentacao
GLOBO PLAY PAG,Entretenimento
HOTEL TRANSMERICA *TRIP,Viagem
BURGER KING LTDA 460,Alimentacao
PAGBANCO *TRIP,Fintech
AMAZON PRIME *TRIP 437,Entretenimento
MAGAZINE LUIZA 306,Varejo
CABIFY SA,Transporte
PAGBANCO COM,Fintech
CARREFOUR LTDA,Supermercado
BURGER KING COM 628,Alimentacao
99 TAXI RECEB 719,Transporte
SPOTIFY PAG 158,Entretenimento
POSTO IPIRANGA SA,Combustivel
CINEMARK COM,Lazer
PLAYARTE *TRIP,Lazer
HBO MAX,Viagem
UBER DO BRASIL SA,Transporte
CINEMARK COM,Lazer
MERCADO PAGO RECEB 7,Fintech
CINEMARK PAG 129,Lazer
NETFLIX SA,Entretenimento
MCDONALDS PAG 929,Alimentacao
CINEMARK SA 662,Lazer
PAGBANCO LTDA,Fintech
GLOBO PLAY SA,Entretenimento
AIRBNB SA,Viagem
CINESYSTEM SA,Lazer
IFOOD COM BR COM,Supermercado
SPOTIFY *TRIP 577,Entretenimento
MERCADO PAGO SA,Fintech
CINESYSTEM PAG,Lazer
CARREFOUR PAG,Supermercado
SUBWAY 41,Viagem
GOOGLE CLOUD,Servicos
AIRBNB PAG,Viagem
MERCADO PAGO LTDA 724,Fintech
GOOGLE CLOUD LTDA,Servicos
AMERICANAS,Varejo
DROGARIA RAIA,Saude
NETFLIX,Entretenimento
PAGBANCO LTDA 963,Fintech
SPOTIFY RECEB,Entretenimento
POSTO IPIRANGA,Combustivel
AWS BRASIL COM 595,Servicos
CINESYSTEM *TRIP,Lazer
SPOTIFY PAG,Entretenimento
HOTEL TRANSMERICA LTDA,Viagem
MICROSOFT LTDA,Servicos
HOTEL TRANSMERICA COM 89,Viagem
SAMSUNG BRASIL COM 992,Varejo
LOGGI 860,Transporte
POSTO IPIRANGA COM,Combustivel
HOTEL TRANSMERICA LTDA,Viagem
BURGER KING,Alimentacao
MICROSOFT,Servicos
DROGASIL RECEB,Saude
SAMSUNG BRASIL *TRIP 498,Varejo
CINEMARK COM 397,Lazer
LOGGI *TRIP,Transporte
CABIFY LTDA,Transporte
SUBWAY *TRIP,Alimentacao
SUBWAY SA,Alimentacao
GITHUB 129,Servicos
AMAZON BRASIL LTDA,Varejo
CINESYSTEM RECEB,Lazer
HBO MAX RECEB,Entretenimento
IFOOD COM BR SA,Alimentacao
AMAZON PRIME LTDA 362,Entretenimento
CABIFY COM,Transporte
HOTEL TIVOLI *TRIP,Viagem
GLOBO PLAY,Entretenimento
POSTO IPIRANGA *TRIP 902,Combustivel
AMERICANAS,Varejo
99 TAXI LTDA,Transporte
AMAZON BRASIL LTDA 926,Varejo
HOTEL TRANSMERICA,Viagem
SAMSUNG BRASIL,Varejo
DROGASIL *TRIP,Saude
PAGBANCO SA,Fintech
PAGBANCO SA 173,Fintech
NETSHOES LTDA,Varejo
DROGARIA RAIA *TRIP,Saude
UBER DO BRASIL SA,Transporte
POSTO IPIRANGA *TRIP,Combustivel
HOTEL TIVOLI PAG 384,Viagem
NETFLIX,Entretenimento
UBER DO BRASIL COM,Transporte
NETSHOES,Varejo
NETSHOES COM,Varejo
APPLE BRASIL PAG,Varejo
AIRBNB COM,Supermercado
PAGBANCO 346,Fintech
CINESYSTEM RECEB,Lazer
AMAZON BRASIL LTDA,Varejo
99 TAXI *TRIP,Transporte
HBO MAX COM 177,Entretenimento
PADARIA DO SEU ZE LTDA,Alimentacao
GLOBO PLAY 47,Entretenimento
HOTEL TIVOLI PAG 516,Viagem
LOGGI RECEB,Transporte
CARREFOUR SA,Supermercado
SPOTIFY *TRIP,Entretenimento
SUBWAY 645,Alimentacao
IFOOD COM BR RECEB,Alimentacao
AIRBNB *TRIP,Transporte
UBER DO BRASIL COM,Transporte
IFOOD COM BR PAG,Alimentacao
NETSHOES PAG 903,Varejo
99 TAXI SA 349,Transporte
CINEMARK RECEB,Varejo
MCDONALDS RECEB 788,Alimentacao
SUBWAY SA 728,Alimentacao
MERCADO PAGO RECEB,Fintech
POSTO IPIRANGA PAG,Combustivel
PAGBANCO PAG,Fintech
AMAZON PRIME PAG 403,Entretenimento
CARREFOUR,Supermercado
MICROSOFT SA 701,Servicos
SUBWAY COM 434,Alimentacao
GLOBO PLAY SA,Entretenimento
CARREFOUR RECEB,Supermercado
LOGGI *TRIP,Transporte
CABIFY PAG 13,Transporte
GOOGLE CLOUD LTDA,Servicos
HOTEL TRANSMERICA COM 937,Viagem
PADARIA DO SEU ZE LTDA,Alimentacao
DROGARIA RAIA RECEB,Saude
CINEMARK,Lazer
MERCADO PAGO LTDA 469,Fintech
DROGARIA RAIA RECEB,Saude
MICROSOFT,Servicos
AWS BRASIL RECEB,Servicos
SUBWAY *TRIP,Alimentacao
CINESYSTEM PAG,Lazer
CINESYSTEM COM,Combustivel
MICROSOFT COM,Servicos
SAMSUNG BRASIL RECEB,Varejo
HOTEL TRANSMERICA SA,Viagem
99 TAXI LTDA,Transporte
GITHUB RECEB,Servicos
CARREFOUR PAG,Supermercado
CINESYSTEM SA 709,Lazer
HOTEL TIVOLI LTDA,Fintech
POSTO IPIRANGA RECEB,Combustivel
LOGGI RECEB,Transporte
BURGER KING LTDA 250,Alimentacao
UBER DO BRASIL LTDA 316,Transporte
POSTO IPIRANGA LTDA 36,Combustivel
GOOGLE CLOUD COM,Servicos
AMAZON PRIME RECEB,Entretenimento
UBER DO BRASIL PAG 300,Transporte
IFOOD COM BR LTDA 707,Alimentacao
GOOGLE CLOUD RECEB,Servicos
SAMSUNG BRASIL PAG,Varejo
HOTEL TIVOLI,Viagem
AMAZON BRASIL LTDA,Transporte
BURGER KING SA,Alimentacao
MAGAZINE LUIZA SA,Varejo
RIACHUELO LTDA,Varejo
GOOGLE CLOUD LTDA,Servicos
SPOTIFY SA,Entretenimento
CABIFY SA 504,Transporte
PLAYARTE 294,Lazer
NETFLIX RECEB,Entretenimento
AMERICANAS *TRIP,Varejo
DROGARIA RAIA RECEB,Saude
SUBWAY SA,Alimentacao
PADARIA DO SEU ZE PAG,Alimentacao
SUBWAY SA,Alimentacao
APPLE BRASIL COM,Varejo
AWS BRASIL 214,Servicos
AMERICANAS PAG 580,Varejo
AWS BRASIL LTDA,Servicos
SAMSUNG BRASIL RECEB,Varejo
PADARIA DO SEU ZE PAG,Alimentacao
CINESYSTEM LTDA,Lazer
UBER DO BRASIL 254,Transporte
CABIFY SA 772,Transporte
LOGGI *TRIP,Transporte
AWS BRASIL RECEB,Servicos
LOGGI COM,Transporte
APPLE BRASIL LTDA,Varejo
SUBWAY RECEB 333,Alimentacao
HBO MAX SA,Entretenimento
MCDONALDS *TRIP 183,Alimentacao
BURGER KING RECEB,Alimentacao
SUBWAY PAG,Alimentacao
DROGARIA RAIA,Saude
DISNEY PLUS RECEB,Entretenimento
RIACHUELO,Varejo
MICROSOFT RECEB,Servicos
DROGARIA RAIA LTDA,Saude
MAGAZINE LUIZA COM,Varejo
PAGBANCO LTDA,Fintech
MCDONALDS,Alimentacao
AMAZON BRASIL SA,Saude
HOTEL TRANSMERICA RECEB,Viagem
LOGGI,Transporte
CINESYSTEM,Lazer
GOOGLE CLOUD COM 990,Servicos
CARREFOUR PAG,Supermercado
SPOTIFY 662,Entretenimento
RIACHUELO 21,Varejo
NETFLIX COM,Entretenimento
NETFLIX LTDA 674,Entretenimento
BURGER KING *TRIP 352,Alimentacao
HOTEL TIVOLI SA,Viagem
MERCADO PAGO RECEB 983,Fintech
MCDONALDS *TRIP,Alimentacao
GOOGLE CLOUD PAG 544,Servicos
CARREFOUR SA,Supermercado
UBER DO BRASIL SA 675,Transporte
SUBWAY COM 969,Alimentacao
NETSHOES COM,Varejo
SPOTIFY PAG,Entretenimento
AIRBNB SA,Viagem
UBER DO BRASIL LTDA,Saude
PLAYARTE SA,Lazer
POSTO IPIRANGA,Combustivel
GITHUB *TRIP,Servicos
UBER DO BRASIL PAG 254,Transporte
DROGASIL SA 684,Saude
SPOTIFY RECEB 411,Entretenimento
MERCADO PAGO RECEB,Fintech
HOTEL TRANSMERICA 942,Viagem
IFOOD COM BR COM,Alimentacao
AMAZON BRASIL SA 338,Varejo
CINEMARK SA,Lazer
99 TAXI,Transporte
MERCADO PAGO PAG,Fintech
POSTO IPIRANGA LTDA,Combustivel
UBER DO BRASIL PAG,Transporte
LOGGI COM 667,Supermercado
AWS BRASIL *TRIP,Servicos
RIACHUELO PAG,Varejo
CABIFY COM 164,Transporte
RIACHUELO COM 741,Varejo
SPOTIFY COM,Entretenimento
NETFLIX RECEB,Entretenimento
AWS BRASIL *TRIP,Servicos
CINESYSTEM *TRIP,Lazer
HOTEL TRANSMERICA,Viagem
APPLE BRASIL PAG 113,Varejo
IFOOD COM BR 477,Alimentacao
99 TAXI,Transporte
SPOTIFY SA 886,Entretenimento
CINESYSTEM SA,Lazer
RIACHUELO LTDA,Varejo
PLAYARTE LTDA,Lazer
DROGASIL SA 296,Saude
PADARIA DO SEU ZE,Alimentacao
99 TAXI PAG,Transporte
AMERICANAS COM,Varejo
DROGARIA RAIA *TRIP 808,Saude
APPLE BRASIL RECEB 513,Varejo
APPLE BRASIL SA 180,Varejo
MICROSOFT 848,Servicos
PADARIA DO SEU ZE RECEB,Alimentacao
DROGARIA RAIA SA,Saude
SPOTIFY COM,Entretenimento
AWS BRASIL RECEB 946,Servicos
CINESYSTEM COM,Lazer
DISNEY PLUS RECEB 877,Entretenimento
RIACHUELO,Varejo
RIACHUELO SA 652,Varejo
APPLE BRASIL 326,Varejo
DROGASIL SA 717,Saude
LOGGI COM 292,Transporte
AMAZON PRIME *TRIP,Entretenimento
MAGAZINE LUIZA LTDA,Varejo
99 TAXI LTDA,Transporte
RIACHUELO PAG,Varejo
LOGGI LTDA,Transporte
CARREFOUR COM,Supermercado
MICROSOFT *TRIP 670,Servicos
RIACHUELO PAG,Varejo
CARREFOUR RECEB,Supermercado
SUBWAY RECEB,Varejo
RIACHUELO PAG,Supermercado
UBER DO BRASIL SA,Transporte
SUBWAY,Alimentacao
AMAZON PRIME COM,Entretenimento
GOOGLE CLOUD RECEB,Servicos
APPLE BRASIL COM 299,Varejo
SPOTIFY PAG 103,Entretenimento
AMAZON BRASIL SA,Varejo
RIACHUELO SA,Varejo
AMAZON PRIME *TRIP,Entretenimento
BURGER KING COM,Supermercado
MAGAZINE LUIZA *TRIP,Varejo
AMAZON PRIME SA,Entretenimento
MICROSOFT RECEB 267,Servicos
NETSHOES *TRIP,Varejo
UBER DO BRASIL COM 786,Transporte
POSTO IPIRANGA RECEB,Combustivel
PLAYARTE *TRIP 333,Lazer
POSTO IPIRANGA *TRIP,Combustivel
AWS BRASIL COM,Servicos
AWS BRASIL SA,Servicos
SUBWAY,Alimentacao
SAMSUNG BRASIL LTDA,Varejo
NETSHOES SA,Varejo
GOOGLE CLOUD COM,Servicos
IFOOD COM BR *TRIP,Alimentacao
SPOTIFY LTDA,Entretenimento
CINEMARK LTDA,Lazer
MAGAZINE LUIZA PAG,Varejo
AMAZON PRIME *TRIP,Entretenimento
NETSHOES PAG,Varejo
UBER DO BRASIL *TRIP,Transporte
AWS BRASIL SA,Servicos
MCDONALDS *TRIP,Fintech
DISNEY PLUS RECEB,Entretenimento
DROGARIA RAIA RECEB,Saude
NETSHOES PAG,Varejo
GLOBO PLAY PAG 723,Entretenimento
MAGAZINE LUIZA *TRIP,Varejo
FARMACIA SAO PAULO,Saude
GITHUB LTDA 307,Servicos
GITHUB RECEB,Servicos
CINEMARK RECEB,Lazer
MERCADO PAGO LTDA,Fintech
APPLE BRASIL 472,Varejo
DISNEY PLUS PAG,Entretenimento
CARREFOUR *TRIP,Supermercado
MCDONALDS PAG,Alimentacao
SAMSUNG BRASIL LTDA,Varejo
DISNEY PLUS,Entretenimento
SPOTIFY,Entretenimento
GLOBO PLAY RECEB,Entretenimento
PLAYARTE PAG,Lazer
SAMSUNG BRASIL COM,Varejo
GITHUB LTDA,Servicos
HOTEL TIVOLI COM,Viagem
MAGAZINE LUIZA *TRIP 614,Varejo
LOGGI *TRIP,Transporte
APPLE BRASIL SA,Varejo
DROGASIL PAG,Saude
AMAZON BRASIL *TRIP 398,Varejo
HBO MAX SA 647,Entretenimento
DROGASIL SA 965,Saude
GOOGLE CLOUD *TRIP,Servicos
LOGGI COM,Transporte
PADARIA DO SEU ZE RECEB,Alimentacao
MERCADO PAGO 523,Fintech
DROGARIA RAIA COM,Saude
SPOTIFY *TRIP,Entretenimento
MERCADO PAGO RECEB,Fintech
SPOTIFY RECEB,Entretenimento
SUBWAY LTDA,Alimentacao
AMERICANAS,Varejo
CARREFOUR LTDA,Supermercado
CINEMARK *TRIP,Lazer
CARREFOUR RECEB,Supermercado
NETFLIX LTDA 28,Entretenimento
GOOGLE CLOUD LTDA,Servicos
LOGGI COM,Transporte
NETFLIX 996,Entretenimento
CABIFY COM 830,Transporte
AMAZON PRIME SA,Entretenimento
MERCADO PAGO 234,Fintech
99 TAXI *TRIP,Transporte
AIRBNB COM 783,Viagem
HOTEL TRANSMERICA SA 394,Viagem
FARMACIA SAO PAULO *TRIP 711,Saude
SAMSUNG BRASIL COM 309,Varejo
CABIFY PAG,Transporte
SPOTIFY RECEB 857,Fintech
AMERICANAS SA 571,Varejo
AIRBNB *TRIP,Saude
NETSHOES LTDA 840,Varejo
HOTEL TRANSMERICA COM,Viagem
SAMSUNG BRASIL COM,Transporte
NETSHOES PAG 119,Varejo
SUBWAY SA,Alimentacao
AWS BRASIL SA,Servicos
NETFLIX 139,Entretenimento
GOOGLE CLOUD COM 8,Servicos
DROGASIL COM,Saude
UBER DO BRASIL COM,Transporte
NETFLIX *TRIP,Entretenimento
NETSHOES COM,Varejo
GLOBO PLAY LTDA,Entretenimento
MICROSOFT,Servicos
CINESYSTEM COM 322,Lazer
POSTO IPIRANGA LTDA,Combustivel
PLAYARTE LTDA,Lazer
HBO MAX *TRIP,Combustivel
BURGER KING SA,Alimentacao
DISNEY PLUS *TRIP,Entretenimento
GITHUB SA,Servicos
99 TAXI COM,Transporte
UBER DO BRASIL PAG,Transporte
HBO MAX *TRIP,Entretenimento
CINESYSTEM,Lazer
AWS BRASIL COM,Servicos
PLAYARTE RECEB,Lazer
PLAYARTE COM 269,Lazer
GITHUB COM 660,Servicos
IFOOD COM BR SA 636,Alimentacao
AMERICANAS LTDA,Varejo
HOTEL TIVOLI PAG 868,Viagem
GITHUB SA,Servicos
NETFLIX PAG 97,Entretenimento
DISNEY PLUS LTDA 394,Entretenimento
GOOGLE CLOUD COM 370,Servicos
IFOOD COM BR,Servicos
AWS BRASIL RECEB,Servicos
SPOTIFY *TRIP,Entretenimento
GOOGLE CLOUD RECEB,Servicos
GITHUB,Servicos
BURGER KING COM,Alimentacao
CINESYSTEM *TRIP,Lazer
IFOOD COM BR RECEB 938,Alimentacao
MCDONALDS 328,Alimentacao
PADARIA DO SEU ZE *TRIP 380,Alimentacao
AMAZON PRIME 254,Entretenimento
AMAZON PRIME COM 334,Entretenimento
DROGASIL PAG,Saude
DROGARIA RAIA *TRIP 219,Saude
AMAZON PRIME COM,Entretenimento
DROGARIA RAIA RECEB,Saude
HOTEL TIVOLI *TRIP,Viagem
APPLE BRASIL RECEB,Varejo
SUBWAY LTDA,Alimentacao
POSTO IPIRANGA COM,Combustivel
CABIFY *TRIP,Transporte
NETSHOES *TRIP,Varejo
POSTO IPIRANGA PAG,Combustivel
CABIFY RECEB,Transporte
CINEMARK *TRIP 317,Lazer
AMAZON BRASIL SA,Varejo
GOOGLE CLOUD PAG,Servicos
NETFLIX,Entretenimento
POSTO IPIRANGA RECEB,Combustivel
HOTEL TIVOLI RECEB,Viagem
SUBWAY LTDA,Alimentacao
DROGARIA RAIA,Saude
MICROSOFT LTDA,Servicos
AMAZON BRASIL LTDA 168,Varejo
MICROSOFT RECEB,Servicos
MERCADO PAGO,Fintech
PAGBANCO LTDA,Fintech
PADARIA DO SEU ZE,Alimentacao
GOOGLE CLOUD COM 746,Servicos
AMAZON PRIME RECEB,Entretenimento
GLOBO PLAY PAG,Entretenimento
UBER DO BRASIL PAG,Transporte
CABIFY *TRIP,Transporte
AWS BRASIL RECEB,Servicos
CARREFOUR *TRIP,Supermercado
BURGER KING *TRIP 313,Alimentacao
BURGER KING LTDA 612,Alimentacao
CINEMARK RECEB,Lazer
PAGBANCO COM,Lazer
AIRBNB SA 366,Viagem
MCDONALDS LTDA,Alimentacao
CARREFOUR *TRIP,Supermercado
AIRBNB PAG,Viagem
BURGER KING COM,Alimentacao
GITHUB COM,Servicos
MERCADO PAGO LTDA 713,Fintech
AMAZON PRIME COM,Entretenimento
SPOTIFY COM,Entretenimento
CABIFY *TRIP,Transporte
BURGER KING *TRIP 155,Lazer
FARMACIA SAO PAULO SA 122,Saude
DROGASIL SA,Saude
AWS BRASIL SA,Servicos
BURGER KING RECEB,Alimentacao
PADARIA DO SEU ZE RECEB,Alimentacao
AWS BRASIL,Servicos
CINEMARK RECEB 865,Lazer
HOTEL TIVOLI RECEB,Viagem
99 TAXI SA 581,Transporte
IFOOD COM BR PAG,Alimentacao
GLOBO PLAY SA,Entretenimento
AMERICANAS LTDA,Varejo
AIRBNB,Viagem
DROGASIL COM 663,Saude
CINEMARK PAG 33,Transporte
99 TAXI COM,Transporte
DISNEY PLUS *TRIP,Entretenimento
